Epoch ID,Epoch,Loss,MSE,Val Loss,Val MSE
1,1,8.289928436279297,8.289928436279297,6.293632507324219,6.293632507324219
1,2,7.19411563873291,7.19411563873291,5.942932605743408,5.942932605743408
1,3,7.120612621307373,7.120612621307373,5.74035120010376,5.74035120010376
1,4,7.087289810180664,7.087289810180664,5.807271957397461,5.807271957397461
1,5,7.068225383758545,7.068225383758545,5.8633317947387695,5.8633317947387695
1,6,7.0549798011779785,7.0549798011779785,5.731825351715088,5.731825351715088
1,7,7.059452056884766,7.059452056884766,5.955133438110352,5.955133438110352
1,8,7.019576072692871,7.019576072692871,5.808645248413086,5.808645248413086
1,9,7.0254034996032715,7.0254034996032715,5.737710475921631,5.737710475921631
1,10,7.006211757659912,7.006211757659912,6.258792877197266,6.258792877197266
1,11,7.007347106933594,7.007347106933594,5.827401638031006,5.827401638031006
1,12,6.999875545501709,6.999875545501709,5.844902515411377,5.844902515411377
1,13,7.0040998458862305,7.0040998458862305,5.7475810050964355,5.7475810050964355
1,14,6.990865707397461,6.990865707397461,5.880950450897217,5.880950450897217
1,15,6.99079704284668,6.99079704284668,5.73002290725708,5.73002290725708
1,16,6.980550289154053,6.980550289154053,5.818936824798584,5.818936824798584
1,17,6.978456497192383,6.978456497192383,5.7523722648620605,5.7523722648620605
1,18,6.975837707519531,6.975837707519531,5.67457389831543,5.67457389831543
1,19,6.965994834899902,6.965994834899902,5.982654094696045,5.982654094696045
1,20,6.9663615226745605,6.9663615226745605,6.063472747802734,6.063472747802734
1,21,6.943883419036865,6.943883419036865,5.70963716506958,5.70963716506958
1,22,6.951340675354004,6.951340675354004,5.811172962188721,5.811172962188721
1,23,6.942261219024658,6.942261219024658,5.673610687255859,5.673610687255859
1,24,6.936923027038574,6.936923027038574,5.749818325042725,5.749818325042725
1,25,6.933589458465576,6.933589458465576,5.68114709854126,5.68114709854126
1,26,6.912243366241455,6.912243366241455,5.751679420471191,5.751679420471191
1,27,6.906754493713379,6.906754493713379,5.828911781311035,5.828911781311035
1,28,6.886346817016602,6.886346817016602,5.694272518157959,5.694272518157959
1,29,6.903688907623291,6.903688907623291,5.723270893096924,5.723270893096924
1,30,6.872681140899658,6.872681140899658,5.724599838256836,5.724599838256836
1,31,6.889659404754639,6.889659404754639,5.907199859619141,5.907199859619141
1,32,6.891022682189941,6.891022682189941,5.679953098297119,5.679953098297119
1,33,6.881213188171387,6.881213188171387,5.743419647216797,5.743419647216797
2,1,8.289928436279297,8.289928436279297,6.293632507324219,6.293632507324219
2,2,7.19411563873291,7.19411563873291,5.942932605743408,5.942932605743408
2,3,7.120612621307373,7.120612621307373,5.74035120010376,5.74035120010376
2,4,7.087289810180664,7.087289810180664,5.807271957397461,5.807271957397461
2,5,7.068225383758545,7.068225383758545,5.8633317947387695,5.8633317947387695
2,6,7.0549798011779785,7.0549798011779785,5.731825351715088,5.731825351715088
2,7,7.059452056884766,7.059452056884766,5.955133438110352,5.955133438110352
2,8,7.019576072692871,7.019576072692871,5.808645248413086,5.808645248413086
2,9,7.0254034996032715,7.0254034996032715,5.737710475921631,5.737710475921631
2,10,7.006211757659912,7.006211757659912,6.258792877197266,6.258792877197266
2,11,7.007347106933594,7.007347106933594,5.827401638031006,5.827401638031006
2,12,6.999875545501709,6.999875545501709,5.844902515411377,5.844902515411377
2,13,7.0040998458862305,7.0040998458862305,5.7475810050964355,5.7475810050964355
2,14,6.990865707397461,6.990865707397461,5.880950450897217,5.880950450897217
2,15,6.99079704284668,6.99079704284668,5.73002290725708,5.73002290725708
2,16,6.980550289154053,6.980550289154053,5.818936824798584,5.818936824798584
2,17,6.978456497192383,6.978456497192383,5.7523722648620605,5.7523722648620605
2,18,6.975837707519531,6.975837707519531,5.67457389831543,5.67457389831543
2,19,6.965994834899902,6.965994834899902,5.982654094696045,5.982654094696045
2,20,6.9663615226745605,6.9663615226745605,6.063472747802734,6.063472747802734
2,21,6.943883419036865,6.943883419036865,5.70963716506958,5.70963716506958
2,22,6.951340675354004,6.951340675354004,5.811172962188721,5.811172962188721
2,23,6.942261219024658,6.942261219024658,5.673610687255859,5.673610687255859
2,24,6.936923027038574,6.936923027038574,5.749818325042725,5.749818325042725
2,25,6.933589458465576,6.933589458465576,5.68114709854126,5.68114709854126
2,26,6.912243366241455,6.912243366241455,5.751679420471191,5.751679420471191
2,27,6.906754493713379,6.906754493713379,5.828911781311035,5.828911781311035
2,28,6.886346817016602,6.886346817016602,5.694272518157959,5.694272518157959
2,29,6.903688907623291,6.903688907623291,5.723270893096924,5.723270893096924
2,30,6.872681140899658,6.872681140899658,5.724599838256836,5.724599838256836
2,31,6.889659404754639,6.889659404754639,5.907199859619141,5.907199859619141
2,32,6.891022682189941,6.891022682189941,5.679953098297119,5.679953098297119
2,33,6.881213188171387,6.881213188171387,5.743419647216797,5.743419647216797
3,1,8.289928436279297,8.289928436279297,6.293632507324219,6.293632507324219
3,2,7.19411563873291,7.19411563873291,5.942932605743408,5.942932605743408
3,3,7.120612621307373,7.120612621307373,5.74035120010376,5.74035120010376
3,4,7.087289810180664,7.087289810180664,5.807271957397461,5.807271957397461
3,5,7.068225383758545,7.068225383758545,5.8633317947387695,5.8633317947387695
3,6,7.0549798011779785,7.0549798011779785,5.731825351715088,5.731825351715088
3,7,7.059452056884766,7.059452056884766,5.955133438110352,5.955133438110352
3,8,7.019576072692871,7.019576072692871,5.808645248413086,5.808645248413086
3,9,7.0254034996032715,7.0254034996032715,5.737710475921631,5.737710475921631
3,10,7.006211757659912,7.006211757659912,6.258792877197266,6.258792877197266
3,11,7.007347106933594,7.007347106933594,5.827401638031006,5.827401638031006
3,12,6.999875545501709,6.999875545501709,5.844902515411377,5.844902515411377
3,13,7.0040998458862305,7.0040998458862305,5.7475810050964355,5.7475810050964355
3,14,6.990865707397461,6.990865707397461,5.880950450897217,5.880950450897217
3,15,6.99079704284668,6.99079704284668,5.73002290725708,5.73002290725708
3,16,6.980550289154053,6.980550289154053,5.818936824798584,5.818936824798584
3,17,6.978456497192383,6.978456497192383,5.7523722648620605,5.7523722648620605
3,18,6.975837707519531,6.975837707519531,5.67457389831543,5.67457389831543
3,19,6.965994834899902,6.965994834899902,5.982654094696045,5.982654094696045
3,20,6.9663615226745605,6.9663615226745605,6.063472747802734,6.063472747802734
3,21,6.943883419036865,6.943883419036865,5.70963716506958,5.70963716506958
3,22,6.951340675354004,6.951340675354004,5.811172962188721,5.811172962188721
3,23,6.942261219024658,6.942261219024658,5.673610687255859,5.673610687255859
3,24,6.936923027038574,6.936923027038574,5.749818325042725,5.749818325042725
3,25,6.933589458465576,6.933589458465576,5.68114709854126,5.68114709854126
3,26,6.912243366241455,6.912243366241455,5.751679420471191,5.751679420471191
3,27,6.906754493713379,6.906754493713379,5.828911781311035,5.828911781311035
3,28,6.886346817016602,6.886346817016602,5.694272518157959,5.694272518157959
3,29,6.903688907623291,6.903688907623291,5.723270893096924,5.723270893096924
3,30,6.872681140899658,6.872681140899658,5.724599838256836,5.724599838256836
3,31,6.889659404754639,6.889659404754639,5.907199859619141,5.907199859619141
3,32,6.891022682189941,6.891022682189941,5.679953098297119,5.679953098297119
3,33,6.881213188171387,6.881213188171387,5.743419647216797,5.743419647216797
4,1,8.289928436279297,8.289928436279297,6.293632507324219,6.293632507324219
4,2,7.19411563873291,7.19411563873291,5.942932605743408,5.942932605743408
4,3,7.120612621307373,7.120612621307373,5.74035120010376,5.74035120010376
4,4,7.087289810180664,7.087289810180664,5.807271957397461,5.807271957397461
4,5,7.068225383758545,7.068225383758545,5.8633317947387695,5.8633317947387695
4,6,7.0549798011779785,7.0549798011779785,5.731825351715088,5.731825351715088
4,7,7.059452056884766,7.059452056884766,5.955133438110352,5.955133438110352
4,8,7.019576072692871,7.019576072692871,5.808645248413086,5.808645248413086
4,9,7.0254034996032715,7.0254034996032715,5.737710475921631,5.737710475921631
4,10,7.006211757659912,7.006211757659912,6.258792877197266,6.258792877197266
4,11,7.007347106933594,7.007347106933594,5.827401638031006,5.827401638031006
4,12,6.999875545501709,6.999875545501709,5.844902515411377,5.844902515411377
4,13,7.0040998458862305,7.0040998458862305,5.7475810050964355,5.7475810050964355
4,14,6.990865707397461,6.990865707397461,5.880950450897217,5.880950450897217
4,15,6.99079704284668,6.99079704284668,5.73002290725708,5.73002290725708
4,16,6.980550289154053,6.980550289154053,5.818936824798584,5.818936824798584
4,17,6.978456497192383,6.978456497192383,5.7523722648620605,5.7523722648620605
4,18,6.975837707519531,6.975837707519531,5.67457389831543,5.67457389831543
4,19,6.965994834899902,6.965994834899902,5.982654094696045,5.982654094696045
4,20,6.9663615226745605,6.9663615226745605,6.063472747802734,6.063472747802734
4,21,6.943883419036865,6.943883419036865,5.70963716506958,5.70963716506958
4,22,6.951340675354004,6.951340675354004,5.811172962188721,5.811172962188721
4,23,6.942261219024658,6.942261219024658,5.673610687255859,5.673610687255859
4,24,6.936923027038574,6.936923027038574,5.749818325042725,5.749818325042725
4,25,6.933589458465576,6.933589458465576,5.68114709854126,5.68114709854126
4,26,6.912243366241455,6.912243366241455,5.751679420471191,5.751679420471191
4,27,6.906754493713379,6.906754493713379,5.828911781311035,5.828911781311035
4,28,6.886346817016602,6.886346817016602,5.694272518157959,5.694272518157959
4,29,6.903688907623291,6.903688907623291,5.723270893096924,5.723270893096924
4,30,6.872681140899658,6.872681140899658,5.724599838256836,5.724599838256836
4,31,6.889659404754639,6.889659404754639,5.907199859619141,5.907199859619141
4,32,6.891022682189941,6.891022682189941,5.679953098297119,5.679953098297119
4,33,6.881213188171387,6.881213188171387,5.743419647216797,5.743419647216797
5,1,8.289928436279297,8.289928436279297,6.293632507324219,6.293632507324219
5,2,7.19411563873291,7.19411563873291,5.942932605743408,5.942932605743408
5,3,7.120612621307373,7.120612621307373,5.74035120010376,5.74035120010376
5,4,7.087289810180664,7.087289810180664,5.807271957397461,5.807271957397461
5,5,7.068225383758545,7.068225383758545,5.8633317947387695,5.8633317947387695
5,6,7.0549798011779785,7.0549798011779785,5.731825351715088,5.731825351715088
5,7,7.059452056884766,7.059452056884766,5.955133438110352,5.955133438110352
5,8,7.019576072692871,7.019576072692871,5.808645248413086,5.808645248413086
5,9,7.0254034996032715,7.0254034996032715,5.737710475921631,5.737710475921631
5,10,7.006211757659912,7.006211757659912,6.258792877197266,6.258792877197266
5,11,7.007347106933594,7.007347106933594,5.827401638031006,5.827401638031006
5,12,6.999875545501709,6.999875545501709,5.844902515411377,5.844902515411377
5,13,7.0040998458862305,7.0040998458862305,5.7475810050964355,5.7475810050964355
5,14,6.990865707397461,6.990865707397461,5.880950450897217,5.880950450897217
5,15,6.99079704284668,6.99079704284668,5.73002290725708,5.73002290725708
5,16,6.980550289154053,6.980550289154053,5.818936824798584,5.818936824798584
5,17,6.978456497192383,6.978456497192383,5.7523722648620605,5.7523722648620605
5,18,6.975837707519531,6.975837707519531,5.67457389831543,5.67457389831543
5,19,6.965994834899902,6.965994834899902,5.982654094696045,5.982654094696045
5,20,6.9663615226745605,6.9663615226745605,6.063472747802734,6.063472747802734
5,21,6.943883419036865,6.943883419036865,5.70963716506958,5.70963716506958
5,22,6.951340675354004,6.951340675354004,5.811172962188721,5.811172962188721
5,23,6.942261219024658,6.942261219024658,5.673610687255859,5.673610687255859
5,24,6.936923027038574,6.936923027038574,5.749818325042725,5.749818325042725
5,25,6.933589458465576,6.933589458465576,5.68114709854126,5.68114709854126
5,26,6.912243366241455,6.912243366241455,5.751679420471191,5.751679420471191
5,27,6.906754493713379,6.906754493713379,5.828911781311035,5.828911781311035
5,28,6.886346817016602,6.886346817016602,5.694272518157959,5.694272518157959
5,29,6.903688907623291,6.903688907623291,5.723270893096924,5.723270893096924
5,30,6.872681140899658,6.872681140899658,5.724599838256836,5.724599838256836
5,31,6.889659404754639,6.889659404754639,5.907199859619141,5.907199859619141
5,32,6.891022682189941,6.891022682189941,5.679953098297119,5.679953098297119
5,33,6.881213188171387,6.881213188171387,5.743419647216797,5.743419647216797
6,1,8.289928436279297,8.289928436279297,6.293632507324219,6.293632507324219
6,2,7.19411563873291,7.19411563873291,5.942932605743408,5.942932605743408
6,3,7.120612621307373,7.120612621307373,5.74035120010376,5.74035120010376
6,4,7.087289810180664,7.087289810180664,5.807271957397461,5.807271957397461
6,5,7.068225383758545,7.068225383758545,5.8633317947387695,5.8633317947387695
6,6,7.0549798011779785,7.0549798011779785,5.731825351715088,5.731825351715088
6,7,7.059452056884766,7.059452056884766,5.955133438110352,5.955133438110352
6,8,7.019576072692871,7.019576072692871,5.808645248413086,5.808645248413086
6,9,7.0254034996032715,7.0254034996032715,5.737710475921631,5.737710475921631
6,10,7.006211757659912,7.006211757659912,6.258792877197266,6.258792877197266
6,11,7.007347106933594,7.007347106933594,5.827401638031006,5.827401638031006
6,12,6.999875545501709,6.999875545501709,5.844902515411377,5.844902515411377
6,13,7.0040998458862305,7.0040998458862305,5.7475810050964355,5.7475810050964355
6,14,6.990865707397461,6.990865707397461,5.880950450897217,5.880950450897217
6,15,6.99079704284668,6.99079704284668,5.73002290725708,5.73002290725708
6,16,6.980550289154053,6.980550289154053,5.818936824798584,5.818936824798584
6,17,6.978456497192383,6.978456497192383,5.7523722648620605,5.7523722648620605
6,18,6.975837707519531,6.975837707519531,5.67457389831543,5.67457389831543
6,19,6.965994834899902,6.965994834899902,5.982654094696045,5.982654094696045
6,20,6.9663615226745605,6.9663615226745605,6.063472747802734,6.063472747802734
6,21,6.943883419036865,6.943883419036865,5.70963716506958,5.70963716506958
6,22,6.951340675354004,6.951340675354004,5.811172962188721,5.811172962188721
6,23,6.942261219024658,6.942261219024658,5.673610687255859,5.673610687255859
6,24,6.936923027038574,6.936923027038574,5.749818325042725,5.749818325042725
6,25,6.933589458465576,6.933589458465576,5.68114709854126,5.68114709854126
6,26,6.912243366241455,6.912243366241455,5.751679420471191,5.751679420471191
6,27,6.906754493713379,6.906754493713379,5.828911781311035,5.828911781311035
6,28,6.886346817016602,6.886346817016602,5.694272518157959,5.694272518157959
6,29,6.903688907623291,6.903688907623291,5.723270893096924,5.723270893096924
6,30,6.872681140899658,6.872681140899658,5.724599838256836,5.724599838256836
6,31,6.889659404754639,6.889659404754639,5.907199859619141,5.907199859619141
6,32,6.891022682189941,6.891022682189941,5.679953098297119,5.679953098297119
6,33,6.881213188171387,6.881213188171387,5.743419647216797,5.743419647216797
7,1,8.289928436279297,8.289928436279297,6.293632507324219,6.293632507324219
7,2,7.19411563873291,7.19411563873291,5.942932605743408,5.942932605743408
7,3,7.120612621307373,7.120612621307373,5.74035120010376,5.74035120010376
7,4,7.087289810180664,7.087289810180664,5.807271957397461,5.807271957397461
7,5,7.068225383758545,7.068225383758545,5.8633317947387695,5.8633317947387695
7,6,7.0549798011779785,7.0549798011779785,5.731825351715088,5.731825351715088
7,7,7.059452056884766,7.059452056884766,5.955133438110352,5.955133438110352
7,8,7.019576072692871,7.019576072692871,5.808645248413086,5.808645248413086
7,9,7.0254034996032715,7.0254034996032715,5.737710475921631,5.737710475921631
7,10,7.006211757659912,7.006211757659912,6.258792877197266,6.258792877197266
7,11,7.007347106933594,7.007347106933594,5.827401638031006,5.827401638031006
7,12,6.999875545501709,6.999875545501709,5.844902515411377,5.844902515411377
7,13,7.0040998458862305,7.0040998458862305,5.7475810050964355,5.7475810050964355
7,14,6.990865707397461,6.990865707397461,5.880950450897217,5.880950450897217
7,15,6.99079704284668,6.99079704284668,5.73002290725708,5.73002290725708
7,16,6.980550289154053,6.980550289154053,5.818936824798584,5.818936824798584
7,17,6.978456497192383,6.978456497192383,5.7523722648620605,5.7523722648620605
7,18,6.975837707519531,6.975837707519531,5.67457389831543,5.67457389831543
7,19,6.965994834899902,6.965994834899902,5.982654094696045,5.982654094696045
7,20,6.9663615226745605,6.9663615226745605,6.063472747802734,6.063472747802734
7,21,6.943883419036865,6.943883419036865,5.70963716506958,5.70963716506958
7,22,6.951340675354004,6.951340675354004,5.811172962188721,5.811172962188721
7,23,6.942261219024658,6.942261219024658,5.673610687255859,5.673610687255859
7,24,6.936923027038574,6.936923027038574,5.749818325042725,5.749818325042725
7,25,6.933589458465576,6.933589458465576,5.68114709854126,5.68114709854126
7,26,6.912243366241455,6.912243366241455,5.751679420471191,5.751679420471191
7,27,6.906754493713379,6.906754493713379,5.828911781311035,5.828911781311035
7,28,6.886346817016602,6.886346817016602,5.694272518157959,5.694272518157959
7,29,6.903688907623291,6.903688907623291,5.723270893096924,5.723270893096924
7,30,6.872681140899658,6.872681140899658,5.724599838256836,5.724599838256836
7,31,6.889659404754639,6.889659404754639,5.907199859619141,5.907199859619141
7,32,6.891022682189941,6.891022682189941,5.679953098297119,5.679953098297119
7,33,6.881213188171387,6.881213188171387,5.743419647216797,5.743419647216797
8,1,8.289928436279297,8.289928436279297,6.293632507324219,6.293632507324219
8,2,7.19411563873291,7.19411563873291,5.942932605743408,5.942932605743408
8,3,7.120612621307373,7.120612621307373,5.74035120010376,5.74035120010376
8,4,7.087289810180664,7.087289810180664,5.807271957397461,5.807271957397461
8,5,7.068225383758545,7.068225383758545,5.8633317947387695,5.8633317947387695
8,6,7.0549798011779785,7.0549798011779785,5.731825351715088,5.731825351715088
8,7,7.059452056884766,7.059452056884766,5.955133438110352,5.955133438110352
8,8,7.019576072692871,7.019576072692871,5.808645248413086,5.808645248413086
8,9,7.0254034996032715,7.0254034996032715,5.737710475921631,5.737710475921631
8,10,7.006211757659912,7.006211757659912,6.258792877197266,6.258792877197266
8,11,7.007347106933594,7.007347106933594,5.827401638031006,5.827401638031006
8,12,6.999875545501709,6.999875545501709,5.844902515411377,5.844902515411377
8,13,7.0040998458862305,7.0040998458862305,5.7475810050964355,5.7475810050964355
8,14,6.990865707397461,6.990865707397461,5.880950450897217,5.880950450897217
8,15,6.99079704284668,6.99079704284668,5.73002290725708,5.73002290725708
8,16,6.980550289154053,6.980550289154053,5.818936824798584,5.818936824798584
8,17,6.978456497192383,6.978456497192383,5.7523722648620605,5.7523722648620605
8,18,6.975837707519531,6.975837707519531,5.67457389831543,5.67457389831543
8,19,6.965994834899902,6.965994834899902,5.982654094696045,5.982654094696045
8,20,6.9663615226745605,6.9663615226745605,6.063472747802734,6.063472747802734
8,21,6.943883419036865,6.943883419036865,5.70963716506958,5.70963716506958
8,22,6.951340675354004,6.951340675354004,5.811172962188721,5.811172962188721
8,23,6.942261219024658,6.942261219024658,5.673610687255859,5.673610687255859
8,24,6.936923027038574,6.936923027038574,5.749818325042725,5.749818325042725
8,25,6.933589458465576,6.933589458465576,5.68114709854126,5.68114709854126
8,26,6.912243366241455,6.912243366241455,5.751679420471191,5.751679420471191
8,27,6.906754493713379,6.906754493713379,5.828911781311035,5.828911781311035
8,28,6.886346817016602,6.886346817016602,5.694272518157959,5.694272518157959
8,29,6.903688907623291,6.903688907623291,5.723270893096924,5.723270893096924
8,30,6.872681140899658,6.872681140899658,5.724599838256836,5.724599838256836
8,31,6.889659404754639,6.889659404754639,5.907199859619141,5.907199859619141
8,32,6.891022682189941,6.891022682189941,5.679953098297119,5.679953098297119
8,33,6.881213188171387,6.881213188171387,5.743419647216797,5.743419647216797
9,1,8.289928436279297,8.289928436279297,6.293632507324219,6.293632507324219
9,2,7.19411563873291,7.19411563873291,5.942932605743408,5.942932605743408
9,3,7.120612621307373,7.120612621307373,5.74035120010376,5.74035120010376
9,4,7.087289810180664,7.087289810180664,5.807271957397461,5.807271957397461
9,5,7.068225383758545,7.068225383758545,5.8633317947387695,5.8633317947387695
9,6,7.0549798011779785,7.0549798011779785,5.731825351715088,5.731825351715088
9,7,7.059452056884766,7.059452056884766,5.955133438110352,5.955133438110352
9,8,7.019576072692871,7.019576072692871,5.808645248413086,5.808645248413086
9,9,7.0254034996032715,7.0254034996032715,5.737710475921631,5.737710475921631
9,10,7.006211757659912,7.006211757659912,6.258792877197266,6.258792877197266
9,11,7.007347106933594,7.007347106933594,5.827401638031006,5.827401638031006
9,12,6.999875545501709,6.999875545501709,5.844902515411377,5.844902515411377
9,13,7.0040998458862305,7.0040998458862305,5.7475810050964355,5.7475810050964355
9,14,6.990865707397461,6.990865707397461,5.880950450897217,5.880950450897217
9,15,6.99079704284668,6.99079704284668,5.73002290725708,5.73002290725708
9,16,6.980550289154053,6.980550289154053,5.818936824798584,5.818936824798584
9,17,6.978456497192383,6.978456497192383,5.7523722648620605,5.7523722648620605
9,18,6.975837707519531,6.975837707519531,5.67457389831543,5.67457389831543
9,19,6.965994834899902,6.965994834899902,5.982654094696045,5.982654094696045
9,20,6.9663615226745605,6.9663615226745605,6.063472747802734,6.063472747802734
9,21,6.943883419036865,6.943883419036865,5.70963716506958,5.70963716506958
9,22,6.951340675354004,6.951340675354004,5.811172962188721,5.811172962188721
9,23,6.942261219024658,6.942261219024658,5.673610687255859,5.673610687255859
9,24,6.936923027038574,6.936923027038574,5.749818325042725,5.749818325042725
9,25,6.933589458465576,6.933589458465576,5.68114709854126,5.68114709854126
9,26,6.912243366241455,6.912243366241455,5.751679420471191,5.751679420471191
9,27,6.906754493713379,6.906754493713379,5.828911781311035,5.828911781311035
9,28,6.886346817016602,6.886346817016602,5.694272518157959,5.694272518157959
9,29,6.903688907623291,6.903688907623291,5.723270893096924,5.723270893096924
9,30,6.872681140899658,6.872681140899658,5.724599838256836,5.724599838256836
9,31,6.889659404754639,6.889659404754639,5.907199859619141,5.907199859619141
9,32,6.891022682189941,6.891022682189941,5.679953098297119,5.679953098297119
9,33,6.881213188171387,6.881213188171387,5.743419647216797,5.743419647216797
10,1,8.289928436279297,8.289928436279297,6.293632507324219,6.293632507324219
10,2,7.19411563873291,7.19411563873291,5.942932605743408,5.942932605743408
10,3,7.120612621307373,7.120612621307373,5.74035120010376,5.74035120010376
10,4,7.087289810180664,7.087289810180664,5.807271957397461,5.807271957397461
10,5,7.068225383758545,7.068225383758545,5.8633317947387695,5.8633317947387695
10,6,7.0549798011779785,7.0549798011779785,5.731825351715088,5.731825351715088
10,7,7.059452056884766,7.059452056884766,5.955133438110352,5.955133438110352
10,8,7.019576072692871,7.019576072692871,5.808645248413086,5.808645248413086
10,9,7.0254034996032715,7.0254034996032715,5.737710475921631,5.737710475921631
10,10,7.006211757659912,7.006211757659912,6.258792877197266,6.258792877197266
10,11,7.007347106933594,7.007347106933594,5.827401638031006,5.827401638031006
10,12,6.999875545501709,6.999875545501709,5.844902515411377,5.844902515411377
10,13,7.0040998458862305,7.0040998458862305,5.7475810050964355,5.7475810050964355
10,14,6.990865707397461,6.990865707397461,5.880950450897217,5.880950450897217
10,15,6.99079704284668,6.99079704284668,5.73002290725708,5.73002290725708
10,16,6.980550289154053,6.980550289154053,5.818936824798584,5.818936824798584
10,17,6.978456497192383,6.978456497192383,5.7523722648620605,5.7523722648620605
10,18,6.975837707519531,6.975837707519531,5.67457389831543,5.67457389831543
10,19,6.965994834899902,6.965994834899902,5.982654094696045,5.982654094696045
10,20,6.9663615226745605,6.9663615226745605,6.063472747802734,6.063472747802734
10,21,6.943883419036865,6.943883419036865,5.70963716506958,5.70963716506958
10,22,6.951340675354004,6.951340675354004,5.811172962188721,5.811172962188721
10,23,6.942261219024658,6.942261219024658,5.673610687255859,5.673610687255859
10,24,6.936923027038574,6.936923027038574,5.749818325042725,5.749818325042725
10,25,6.933589458465576,6.933589458465576,5.68114709854126,5.68114709854126
10,26,6.912243366241455,6.912243366241455,5.751679420471191,5.751679420471191
10,27,6.906754493713379,6.906754493713379,5.828911781311035,5.828911781311035
10,28,6.886346817016602,6.886346817016602,5.694272518157959,5.694272518157959
10,29,6.903688907623291,6.903688907623291,5.723270893096924,5.723270893096924
10,30,6.872681140899658,6.872681140899658,5.724599838256836,5.724599838256836
10,31,6.889659404754639,6.889659404754639,5.907199859619141,5.907199859619141
10,32,6.891022682189941,6.891022682189941,5.679953098297119,5.679953098297119
10,33,6.881213188171387,6.881213188171387,5.743419647216797,5.743419647216797
11,1,8.289928436279297,8.289928436279297,6.293632507324219,6.293632507324219
11,2,7.19411563873291,7.19411563873291,5.942932605743408,5.942932605743408
11,3,7.120612621307373,7.120612621307373,5.74035120010376,5.74035120010376
11,4,7.087289810180664,7.087289810180664,5.807271957397461,5.807271957397461
11,5,7.068225383758545,7.068225383758545,5.8633317947387695,5.8633317947387695
11,6,7.0549798011779785,7.0549798011779785,5.731825351715088,5.731825351715088
11,7,7.059452056884766,7.059452056884766,5.955133438110352,5.955133438110352
11,8,7.019576072692871,7.019576072692871,5.808645248413086,5.808645248413086
11,9,7.0254034996032715,7.0254034996032715,5.737710475921631,5.737710475921631
11,10,7.006211757659912,7.006211757659912,6.258792877197266,6.258792877197266
11,11,7.007347106933594,7.007347106933594,5.827401638031006,5.827401638031006
11,12,6.999875545501709,6.999875545501709,5.844902515411377,5.844902515411377
11,13,7.0040998458862305,7.0040998458862305,5.7475810050964355,5.7475810050964355
11,14,6.990865707397461,6.990865707397461,5.880950450897217,5.880950450897217
11,15,6.99079704284668,6.99079704284668,5.73002290725708,5.73002290725708
11,16,6.980550289154053,6.980550289154053,5.818936824798584,5.818936824798584
11,17,6.978456497192383,6.978456497192383,5.7523722648620605,5.7523722648620605
11,18,6.975837707519531,6.975837707519531,5.67457389831543,5.67457389831543
11,19,6.965994834899902,6.965994834899902,5.982654094696045,5.982654094696045
11,20,6.9663615226745605,6.9663615226745605,6.063472747802734,6.063472747802734
11,21,6.943883419036865,6.943883419036865,5.70963716506958,5.70963716506958
11,22,6.951340675354004,6.951340675354004,5.811172962188721,5.811172962188721
11,23,6.942261219024658,6.942261219024658,5.673610687255859,5.673610687255859
11,24,6.936923027038574,6.936923027038574,5.749818325042725,5.749818325042725
11,25,6.933589458465576,6.933589458465576,5.68114709854126,5.68114709854126
11,26,6.912243366241455,6.912243366241455,5.751679420471191,5.751679420471191
11,27,6.906754493713379,6.906754493713379,5.828911781311035,5.828911781311035
11,28,6.886346817016602,6.886346817016602,5.694272518157959,5.694272518157959
11,29,6.903688907623291,6.903688907623291,5.723270893096924,5.723270893096924
11,30,6.872681140899658,6.872681140899658,5.724599838256836,5.724599838256836
11,31,6.889659404754639,6.889659404754639,5.907199859619141,5.907199859619141
11,32,6.891022682189941,6.891022682189941,5.679953098297119,5.679953098297119
11,33,6.881213188171387,6.881213188171387,5.743419647216797,5.743419647216797
12,1,8.289928436279297,8.289928436279297,6.293632507324219,6.293632507324219
12,2,7.19411563873291,7.19411563873291,5.942932605743408,5.942932605743408
12,3,7.120612621307373,7.120612621307373,5.74035120010376,5.74035120010376
12,4,7.087289810180664,7.087289810180664,5.807271957397461,5.807271957397461
12,5,7.068225383758545,7.068225383758545,5.8633317947387695,5.8633317947387695
12,6,7.0549798011779785,7.0549798011779785,5.731825351715088,5.731825351715088
12,7,7.059452056884766,7.059452056884766,5.955133438110352,5.955133438110352
12,8,7.019576072692871,7.019576072692871,5.808645248413086,5.808645248413086
12,9,7.0254034996032715,7.0254034996032715,5.737710475921631,5.737710475921631
12,10,7.006211757659912,7.006211757659912,6.258792877197266,6.258792877197266
12,11,7.007347106933594,7.007347106933594,5.827401638031006,5.827401638031006
12,12,6.999875545501709,6.999875545501709,5.844902515411377,5.844902515411377
12,13,7.0040998458862305,7.0040998458862305,5.7475810050964355,5.7475810050964355
12,14,6.990865707397461,6.990865707397461,5.880950450897217,5.880950450897217
12,15,6.99079704284668,6.99079704284668,5.73002290725708,5.73002290725708
12,16,6.980550289154053,6.980550289154053,5.818936824798584,5.818936824798584
12,17,6.978456497192383,6.978456497192383,5.7523722648620605,5.7523722648620605
12,18,6.975837707519531,6.975837707519531,5.67457389831543,5.67457389831543
12,19,6.965994834899902,6.965994834899902,5.982654094696045,5.982654094696045
12,20,6.9663615226745605,6.9663615226745605,6.063472747802734,6.063472747802734
12,21,6.943883419036865,6.943883419036865,5.70963716506958,5.70963716506958
12,22,6.951340675354004,6.951340675354004,5.811172962188721,5.811172962188721
12,23,6.942261219024658,6.942261219024658,5.673610687255859,5.673610687255859
12,24,6.936923027038574,6.936923027038574,5.749818325042725,5.749818325042725
12,25,6.933589458465576,6.933589458465576,5.68114709854126,5.68114709854126
12,26,6.912243366241455,6.912243366241455,5.751679420471191,5.751679420471191
12,27,6.906754493713379,6.906754493713379,5.828911781311035,5.828911781311035
12,28,6.886346817016602,6.886346817016602,5.694272518157959,5.694272518157959
12,29,6.903688907623291,6.903688907623291,5.723270893096924,5.723270893096924
12,30,6.872681140899658,6.872681140899658,5.724599838256836,5.724599838256836
12,31,6.889659404754639,6.889659404754639,5.907199859619141,5.907199859619141
12,32,6.891022682189941,6.891022682189941,5.679953098297119,5.679953098297119
12,33,6.881213188171387,6.881213188171387,5.743419647216797,5.743419647216797
13,1,8.289928436279297,8.289928436279297,6.293632507324219,6.293632507324219
13,2,7.19411563873291,7.19411563873291,5.942932605743408,5.942932605743408
13,3,7.120612621307373,7.120612621307373,5.74035120010376,5.74035120010376
13,4,7.087289810180664,7.087289810180664,5.807271957397461,5.807271957397461
13,5,7.068225383758545,7.068225383758545,5.8633317947387695,5.8633317947387695
13,6,7.0549798011779785,7.0549798011779785,5.731825351715088,5.731825351715088
13,7,7.059452056884766,7.059452056884766,5.955133438110352,5.955133438110352
13,8,7.019576072692871,7.019576072692871,5.808645248413086,5.808645248413086
13,9,7.0254034996032715,7.0254034996032715,5.737710475921631,5.737710475921631
13,10,7.006211757659912,7.006211757659912,6.258792877197266,6.258792877197266
13,11,7.007347106933594,7.007347106933594,5.827401638031006,5.827401638031006
13,12,6.999875545501709,6.999875545501709,5.844902515411377,5.844902515411377
13,13,7.0040998458862305,7.0040998458862305,5.7475810050964355,5.7475810050964355
13,14,6.990865707397461,6.990865707397461,5.880950450897217,5.880950450897217
13,15,6.99079704284668,6.99079704284668,5.73002290725708,5.73002290725708
13,16,6.980550289154053,6.980550289154053,5.818936824798584,5.818936824798584
13,17,6.978456497192383,6.978456497192383,5.7523722648620605,5.7523722648620605
13,18,6.975837707519531,6.975837707519531,5.67457389831543,5.67457389831543
13,19,6.965994834899902,6.965994834899902,5.982654094696045,5.982654094696045
13,20,6.9663615226745605,6.9663615226745605,6.063472747802734,6.063472747802734
13,21,6.943883419036865,6.943883419036865,5.70963716506958,5.70963716506958
13,22,6.951340675354004,6.951340675354004,5.811172962188721,5.811172962188721
13,23,6.942261219024658,6.942261219024658,5.673610687255859,5.673610687255859
13,24,6.936923027038574,6.936923027038574,5.749818325042725,5.749818325042725
13,25,6.933589458465576,6.933589458465576,5.68114709854126,5.68114709854126
13,26,6.912243366241455,6.912243366241455,5.751679420471191,5.751679420471191
13,27,6.906754493713379,6.906754493713379,5.828911781311035,5.828911781311035
13,28,6.886346817016602,6.886346817016602,5.694272518157959,5.694272518157959
13,29,6.903688907623291,6.903688907623291,5.723270893096924,5.723270893096924
13,30,6.872681140899658,6.872681140899658,5.724599838256836,5.724599838256836
13,31,6.889659404754639,6.889659404754639,5.907199859619141,5.907199859619141
13,32,6.891022682189941,6.891022682189941,5.679953098297119,5.679953098297119
13,33,6.881213188171387,6.881213188171387,5.743419647216797,5.743419647216797
14,1,8.289928436279297,8.289928436279297,6.293632507324219,6.293632507324219
14,2,7.19411563873291,7.19411563873291,5.942932605743408,5.942932605743408
14,3,7.120612621307373,7.120612621307373,5.74035120010376,5.74035120010376
14,4,7.087289810180664,7.087289810180664,5.807271957397461,5.807271957397461
14,5,7.068225383758545,7.068225383758545,5.8633317947387695,5.8633317947387695
14,6,7.0549798011779785,7.0549798011779785,5.731825351715088,5.731825351715088
14,7,7.059452056884766,7.059452056884766,5.955133438110352,5.955133438110352
14,8,7.019576072692871,7.019576072692871,5.808645248413086,5.808645248413086
14,9,7.0254034996032715,7.0254034996032715,5.737710475921631,5.737710475921631
14,10,7.006211757659912,7.006211757659912,6.258792877197266,6.258792877197266
14,11,7.007347106933594,7.007347106933594,5.827401638031006,5.827401638031006
14,12,6.999875545501709,6.999875545501709,5.844902515411377,5.844902515411377
14,13,7.0040998458862305,7.0040998458862305,5.7475810050964355,5.7475810050964355
14,14,6.990865707397461,6.990865707397461,5.880950450897217,5.880950450897217
14,15,6.99079704284668,6.99079704284668,5.73002290725708,5.73002290725708
14,16,6.980550289154053,6.980550289154053,5.818936824798584,5.818936824798584
14,17,6.978456497192383,6.978456497192383,5.7523722648620605,5.7523722648620605
14,18,6.975837707519531,6.975837707519531,5.67457389831543,5.67457389831543
14,19,6.965994834899902,6.965994834899902,5.982654094696045,5.982654094696045
14,20,6.9663615226745605,6.9663615226745605,6.063472747802734,6.063472747802734
14,21,6.943883419036865,6.943883419036865,5.70963716506958,5.70963716506958
14,22,6.951340675354004,6.951340675354004,5.811172962188721,5.811172962188721
14,23,6.942261219024658,6.942261219024658,5.673610687255859,5.673610687255859
14,24,6.936923027038574,6.936923027038574,5.749818325042725,5.749818325042725
14,25,6.933589458465576,6.933589458465576,5.68114709854126,5.68114709854126
14,26,6.912243366241455,6.912243366241455,5.751679420471191,5.751679420471191
14,27,6.906754493713379,6.906754493713379,5.828911781311035,5.828911781311035
14,28,6.886346817016602,6.886346817016602,5.694272518157959,5.694272518157959
14,29,6.903688907623291,6.903688907623291,5.723270893096924,5.723270893096924
14,30,6.872681140899658,6.872681140899658,5.724599838256836,5.724599838256836
14,31,6.889659404754639,6.889659404754639,5.907199859619141,5.907199859619141
14,32,6.891022682189941,6.891022682189941,5.679953098297119,5.679953098297119
14,33,6.881213188171387,6.881213188171387,5.743419647216797,5.743419647216797
15,1,8.289928436279297,8.289928436279297,6.293632507324219,6.293632507324219
15,2,7.19411563873291,7.19411563873291,5.942932605743408,5.942932605743408
15,3,7.120612621307373,7.120612621307373,5.74035120010376,5.74035120010376
15,4,7.087289810180664,7.087289810180664,5.807271957397461,5.807271957397461
15,5,7.068225383758545,7.068225383758545,5.8633317947387695,5.8633317947387695
15,6,7.0549798011779785,7.0549798011779785,5.731825351715088,5.731825351715088
15,7,7.059452056884766,7.059452056884766,5.955133438110352,5.955133438110352
15,8,7.019576072692871,7.019576072692871,5.808645248413086,5.808645248413086
15,9,7.0254034996032715,7.0254034996032715,5.737710475921631,5.737710475921631
15,10,7.006211757659912,7.006211757659912,6.258792877197266,6.258792877197266
15,11,7.007347106933594,7.007347106933594,5.827401638031006,5.827401638031006
15,12,6.999875545501709,6.999875545501709,5.844902515411377,5.844902515411377
15,13,7.0040998458862305,7.0040998458862305,5.7475810050964355,5.7475810050964355
15,14,6.990865707397461,6.990865707397461,5.880950450897217,5.880950450897217
15,15,6.99079704284668,6.99079704284668,5.73002290725708,5.73002290725708
15,16,6.980550289154053,6.980550289154053,5.818936824798584,5.818936824798584
15,17,6.978456497192383,6.978456497192383,5.7523722648620605,5.7523722648620605
15,18,6.975837707519531,6.975837707519531,5.67457389831543,5.67457389831543
15,19,6.965994834899902,6.965994834899902,5.982654094696045,5.982654094696045
15,20,6.9663615226745605,6.9663615226745605,6.063472747802734,6.063472747802734
15,21,6.943883419036865,6.943883419036865,5.70963716506958,5.70963716506958
15,22,6.951340675354004,6.951340675354004,5.811172962188721,5.811172962188721
15,23,6.942261219024658,6.942261219024658,5.673610687255859,5.673610687255859
15,24,6.936923027038574,6.936923027038574,5.749818325042725,5.749818325042725
15,25,6.933589458465576,6.933589458465576,5.68114709854126,5.68114709854126
15,26,6.912243366241455,6.912243366241455,5.751679420471191,5.751679420471191
15,27,6.906754493713379,6.906754493713379,5.828911781311035,5.828911781311035
15,28,6.886346817016602,6.886346817016602,5.694272518157959,5.694272518157959
15,29,6.903688907623291,6.903688907623291,5.723270893096924,5.723270893096924
15,30,6.872681140899658,6.872681140899658,5.724599838256836,5.724599838256836
15,31,6.889659404754639,6.889659404754639,5.907199859619141,5.907199859619141
15,32,6.891022682189941,6.891022682189941,5.679953098297119,5.679953098297119
15,33,6.881213188171387,6.881213188171387,5.743419647216797,5.743419647216797
16,1,8.289928436279297,8.289928436279297,6.293632507324219,6.293632507324219
16,2,7.19411563873291,7.19411563873291,5.942932605743408,5.942932605743408
16,3,7.120612621307373,7.120612621307373,5.74035120010376,5.74035120010376
16,4,7.087289810180664,7.087289810180664,5.807271957397461,5.807271957397461
16,5,7.068225383758545,7.068225383758545,5.8633317947387695,5.8633317947387695
16,6,7.0549798011779785,7.0549798011779785,5.731825351715088,5.731825351715088
16,7,7.059452056884766,7.059452056884766,5.955133438110352,5.955133438110352
16,8,7.019576072692871,7.019576072692871,5.808645248413086,5.808645248413086
16,9,7.0254034996032715,7.0254034996032715,5.737710475921631,5.737710475921631
16,10,7.006211757659912,7.006211757659912,6.258792877197266,6.258792877197266
16,11,7.007347106933594,7.007347106933594,5.827401638031006,5.827401638031006
16,12,6.999875545501709,6.999875545501709,5.844902515411377,5.844902515411377
16,13,7.0040998458862305,7.0040998458862305,5.7475810050964355,5.7475810050964355
16,14,6.990865707397461,6.990865707397461,5.880950450897217,5.880950450897217
16,15,6.99079704284668,6.99079704284668,5.73002290725708,5.73002290725708
16,16,6.980550289154053,6.980550289154053,5.818936824798584,5.818936824798584
16,17,6.978456497192383,6.978456497192383,5.7523722648620605,5.7523722648620605
16,18,6.975837707519531,6.975837707519531,5.67457389831543,5.67457389831543
16,19,6.965994834899902,6.965994834899902,5.982654094696045,5.982654094696045
16,20,6.9663615226745605,6.9663615226745605,6.063472747802734,6.063472747802734
16,21,6.943883419036865,6.943883419036865,5.70963716506958,5.70963716506958
16,22,6.951340675354004,6.951340675354004,5.811172962188721,5.811172962188721
16,23,6.942261219024658,6.942261219024658,5.673610687255859,5.673610687255859
16,24,6.936923027038574,6.936923027038574,5.749818325042725,5.749818325042725
16,25,6.933589458465576,6.933589458465576,5.68114709854126,5.68114709854126
16,26,6.912243366241455,6.912243366241455,5.751679420471191,5.751679420471191
16,27,6.906754493713379,6.906754493713379,5.828911781311035,5.828911781311035
16,28,6.886346817016602,6.886346817016602,5.694272518157959,5.694272518157959
16,29,6.903688907623291,6.903688907623291,5.723270893096924,5.723270893096924
16,30,6.872681140899658,6.872681140899658,5.724599838256836,5.724599838256836
16,31,6.889659404754639,6.889659404754639,5.907199859619141,5.907199859619141
16,32,6.891022682189941,6.891022682189941,5.679953098297119,5.679953098297119
16,33,6.881213188171387,6.881213188171387,5.743419647216797,5.743419647216797
17,1,8.289928436279297,8.289928436279297,6.293632507324219,6.293632507324219
17,2,7.19411563873291,7.19411563873291,5.942932605743408,5.942932605743408
17,3,7.120612621307373,7.120612621307373,5.74035120010376,5.74035120010376
17,4,7.087289810180664,7.087289810180664,5.807271957397461,5.807271957397461
17,5,7.068225383758545,7.068225383758545,5.8633317947387695,5.8633317947387695
17,6,7.0549798011779785,7.0549798011779785,5.731825351715088,5.731825351715088
17,7,7.059452056884766,7.059452056884766,5.955133438110352,5.955133438110352
17,8,7.019576072692871,7.019576072692871,5.808645248413086,5.808645248413086
17,9,7.0254034996032715,7.0254034996032715,5.737710475921631,5.737710475921631
17,10,7.006211757659912,7.006211757659912,6.258792877197266,6.258792877197266
17,11,7.007347106933594,7.007347106933594,5.827401638031006,5.827401638031006
17,12,6.999875545501709,6.999875545501709,5.844902515411377,5.844902515411377
17,13,7.0040998458862305,7.0040998458862305,5.7475810050964355,5.7475810050964355
17,14,6.990865707397461,6.990865707397461,5.880950450897217,5.880950450897217
17,15,6.99079704284668,6.99079704284668,5.73002290725708,5.73002290725708
17,16,6.980550289154053,6.980550289154053,5.818936824798584,5.818936824798584
17,17,6.978456497192383,6.978456497192383,5.7523722648620605,5.7523722648620605
17,18,6.975837707519531,6.975837707519531,5.67457389831543,5.67457389831543
17,19,6.965994834899902,6.965994834899902,5.982654094696045,5.982654094696045
17,20,6.9663615226745605,6.9663615226745605,6.063472747802734,6.063472747802734
17,21,6.943883419036865,6.943883419036865,5.70963716506958,5.70963716506958
17,22,6.951340675354004,6.951340675354004,5.811172962188721,5.811172962188721
17,23,6.942261219024658,6.942261219024658,5.673610687255859,5.673610687255859
17,24,6.936923027038574,6.936923027038574,5.749818325042725,5.749818325042725
17,25,6.933589458465576,6.933589458465576,5.68114709854126,5.68114709854126
17,26,6.912243366241455,6.912243366241455,5.751679420471191,5.751679420471191
17,27,6.906754493713379,6.906754493713379,5.828911781311035,5.828911781311035
17,28,6.886346817016602,6.886346817016602,5.694272518157959,5.694272518157959
17,29,6.903688907623291,6.903688907623291,5.723270893096924,5.723270893096924
17,30,6.872681140899658,6.872681140899658,5.724599838256836,5.724599838256836
17,31,6.889659404754639,6.889659404754639,5.907199859619141,5.907199859619141
17,32,6.891022682189941,6.891022682189941,5.679953098297119,5.679953098297119
17,33,6.881213188171387,6.881213188171387,5.743419647216797,5.743419647216797
18,1,8.289928436279297,8.289928436279297,6.293632507324219,6.293632507324219
18,2,7.19411563873291,7.19411563873291,5.942932605743408,5.942932605743408
18,3,7.120612621307373,7.120612621307373,5.74035120010376,5.74035120010376
18,4,7.087289810180664,7.087289810180664,5.807271957397461,5.807271957397461
18,5,7.068225383758545,7.068225383758545,5.8633317947387695,5.8633317947387695
18,6,7.0549798011779785,7.0549798011779785,5.731825351715088,5.731825351715088
18,7,7.059452056884766,7.059452056884766,5.955133438110352,5.955133438110352
18,8,7.019576072692871,7.019576072692871,5.808645248413086,5.808645248413086
18,9,7.0254034996032715,7.0254034996032715,5.737710475921631,5.737710475921631
18,10,7.006211757659912,7.006211757659912,6.258792877197266,6.258792877197266
18,11,7.007347106933594,7.007347106933594,5.827401638031006,5.827401638031006
18,12,6.999875545501709,6.999875545501709,5.844902515411377,5.844902515411377
18,13,7.0040998458862305,7.0040998458862305,5.7475810050964355,5.7475810050964355
18,14,6.990865707397461,6.990865707397461,5.880950450897217,5.880950450897217
18,15,6.99079704284668,6.99079704284668,5.73002290725708,5.73002290725708
18,16,6.980550289154053,6.980550289154053,5.818936824798584,5.818936824798584
18,17,6.978456497192383,6.978456497192383,5.7523722648620605,5.7523722648620605
18,18,6.975837707519531,6.975837707519531,5.67457389831543,5.67457389831543
18,19,6.965994834899902,6.965994834899902,5.982654094696045,5.982654094696045
18,20,6.9663615226745605,6.9663615226745605,6.063472747802734,6.063472747802734
18,21,6.943883419036865,6.943883419036865,5.70963716506958,5.70963716506958
18,22,6.951340675354004,6.951340675354004,5.811172962188721,5.811172962188721
18,23,6.942261219024658,6.942261219024658,5.673610687255859,5.673610687255859
18,24,6.936923027038574,6.936923027038574,5.749818325042725,5.749818325042725
18,25,6.933589458465576,6.933589458465576,5.68114709854126,5.68114709854126
18,26,6.912243366241455,6.912243366241455,5.751679420471191,5.751679420471191
18,27,6.906754493713379,6.906754493713379,5.828911781311035,5.828911781311035
18,28,6.886346817016602,6.886346817016602,5.694272518157959,5.694272518157959
18,29,6.903688907623291,6.903688907623291,5.723270893096924,5.723270893096924
18,30,6.872681140899658,6.872681140899658,5.724599838256836,5.724599838256836
18,31,6.889659404754639,6.889659404754639,5.907199859619141,5.907199859619141
18,32,6.891022682189941,6.891022682189941,5.679953098297119,5.679953098297119
18,33,6.881213188171387,6.881213188171387,5.743419647216797,5.743419647216797
19,1,8.289928436279297,8.289928436279297,6.293632507324219,6.293632507324219
19,2,7.19411563873291,7.19411563873291,5.942932605743408,5.942932605743408
19,3,7.120612621307373,7.120612621307373,5.74035120010376,5.74035120010376
19,4,7.087289810180664,7.087289810180664,5.807271957397461,5.807271957397461
19,5,7.068225383758545,7.068225383758545,5.8633317947387695,5.8633317947387695
19,6,7.0549798011779785,7.0549798011779785,5.731825351715088,5.731825351715088
19,7,7.059452056884766,7.059452056884766,5.955133438110352,5.955133438110352
19,8,7.019576072692871,7.019576072692871,5.808645248413086,5.808645248413086
19,9,7.0254034996032715,7.0254034996032715,5.737710475921631,5.737710475921631
19,10,7.006211757659912,7.006211757659912,6.258792877197266,6.258792877197266
19,11,7.007347106933594,7.007347106933594,5.827401638031006,5.827401638031006
19,12,6.999875545501709,6.999875545501709,5.844902515411377,5.844902515411377
19,13,7.0040998458862305,7.0040998458862305,5.7475810050964355,5.7475810050964355
19,14,6.990865707397461,6.990865707397461,5.880950450897217,5.880950450897217
19,15,6.99079704284668,6.99079704284668,5.73002290725708,5.73002290725708
19,16,6.980550289154053,6.980550289154053,5.818936824798584,5.818936824798584
19,17,6.978456497192383,6.978456497192383,5.7523722648620605,5.7523722648620605
19,18,6.975837707519531,6.975837707519531,5.67457389831543,5.67457389831543
19,19,6.965994834899902,6.965994834899902,5.982654094696045,5.982654094696045
19,20,6.9663615226745605,6.9663615226745605,6.063472747802734,6.063472747802734
19,21,6.943883419036865,6.943883419036865,5.70963716506958,5.70963716506958
19,22,6.951340675354004,6.951340675354004,5.811172962188721,5.811172962188721
19,23,6.942261219024658,6.942261219024658,5.673610687255859,5.673610687255859
19,24,6.936923027038574,6.936923027038574,5.749818325042725,5.749818325042725
19,25,6.933589458465576,6.933589458465576,5.68114709854126,5.68114709854126
19,26,6.912243366241455,6.912243366241455,5.751679420471191,5.751679420471191
19,27,6.906754493713379,6.906754493713379,5.828911781311035,5.828911781311035
19,28,6.886346817016602,6.886346817016602,5.694272518157959,5.694272518157959
19,29,6.903688907623291,6.903688907623291,5.723270893096924,5.723270893096924
19,30,6.872681140899658,6.872681140899658,5.724599838256836,5.724599838256836
19,31,6.889659404754639,6.889659404754639,5.907199859619141,5.907199859619141
19,32,6.891022682189941,6.891022682189941,5.679953098297119,5.679953098297119
19,33,6.881213188171387,6.881213188171387,5.743419647216797,5.743419647216797
20,1,8.289928436279297,8.289928436279297,6.293632507324219,6.293632507324219
20,2,7.19411563873291,7.19411563873291,5.942932605743408,5.942932605743408
20,3,7.120612621307373,7.120612621307373,5.74035120010376,5.74035120010376
20,4,7.087289810180664,7.087289810180664,5.807271957397461,5.807271957397461
20,5,7.068225383758545,7.068225383758545,5.8633317947387695,5.8633317947387695
20,6,7.0549798011779785,7.0549798011779785,5.731825351715088,5.731825351715088
20,7,7.059452056884766,7.059452056884766,5.955133438110352,5.955133438110352
20,8,7.019576072692871,7.019576072692871,5.808645248413086,5.808645248413086
20,9,7.0254034996032715,7.0254034996032715,5.737710475921631,5.737710475921631
20,10,7.006211757659912,7.006211757659912,6.258792877197266,6.258792877197266
20,11,7.007347106933594,7.007347106933594,5.827401638031006,5.827401638031006
20,12,6.999875545501709,6.999875545501709,5.844902515411377,5.844902515411377
20,13,7.0040998458862305,7.0040998458862305,5.7475810050964355,5.7475810050964355
20,14,6.990865707397461,6.990865707397461,5.880950450897217,5.880950450897217
20,15,6.99079704284668,6.99079704284668,5.73002290725708,5.73002290725708
20,16,6.980550289154053,6.980550289154053,5.818936824798584,5.818936824798584
20,17,6.978456497192383,6.978456497192383,5.7523722648620605,5.7523722648620605
20,18,6.975837707519531,6.975837707519531,5.67457389831543,5.67457389831543
20,19,6.965994834899902,6.965994834899902,5.982654094696045,5.982654094696045
20,20,6.9663615226745605,6.9663615226745605,6.063472747802734,6.063472747802734
20,21,6.943883419036865,6.943883419036865,5.70963716506958,5.70963716506958
20,22,6.951340675354004,6.951340675354004,5.811172962188721,5.811172962188721
20,23,6.942261219024658,6.942261219024658,5.673610687255859,5.673610687255859
20,24,6.936923027038574,6.936923027038574,5.749818325042725,5.749818325042725
20,25,6.933589458465576,6.933589458465576,5.68114709854126,5.68114709854126
20,26,6.912243366241455,6.912243366241455,5.751679420471191,5.751679420471191
20,27,6.906754493713379,6.906754493713379,5.828911781311035,5.828911781311035
20,28,6.886346817016602,6.886346817016602,5.694272518157959,5.694272518157959
20,29,6.903688907623291,6.903688907623291,5.723270893096924,5.723270893096924
20,30,6.872681140899658,6.872681140899658,5.724599838256836,5.724599838256836
20,31,6.889659404754639,6.889659404754639,5.907199859619141,5.907199859619141
20,32,6.891022682189941,6.891022682189941,5.679953098297119,5.679953098297119
20,33,6.881213188171387,6.881213188171387,5.743419647216797,5.743419647216797
21,1,8.289928436279297,8.289928436279297,6.293632507324219,6.293632507324219
21,2,7.19411563873291,7.19411563873291,5.942932605743408,5.942932605743408
21,3,7.120612621307373,7.120612621307373,5.74035120010376,5.74035120010376
21,4,7.087289810180664,7.087289810180664,5.807271957397461,5.807271957397461
21,5,7.068225383758545,7.068225383758545,5.8633317947387695,5.8633317947387695
21,6,7.0549798011779785,7.0549798011779785,5.731825351715088,5.731825351715088
21,7,7.059452056884766,7.059452056884766,5.955133438110352,5.955133438110352
21,8,7.019576072692871,7.019576072692871,5.808645248413086,5.808645248413086
21,9,7.0254034996032715,7.0254034996032715,5.737710475921631,5.737710475921631
21,10,7.006211757659912,7.006211757659912,6.258792877197266,6.258792877197266
21,11,7.007347106933594,7.007347106933594,5.827401638031006,5.827401638031006
21,12,6.999875545501709,6.999875545501709,5.844902515411377,5.844902515411377
21,13,7.0040998458862305,7.0040998458862305,5.7475810050964355,5.7475810050964355
21,14,6.990865707397461,6.990865707397461,5.880950450897217,5.880950450897217
21,15,6.99079704284668,6.99079704284668,5.73002290725708,5.73002290725708
21,16,6.980550289154053,6.980550289154053,5.818936824798584,5.818936824798584
21,17,6.978456497192383,6.978456497192383,5.7523722648620605,5.7523722648620605
21,18,6.975837707519531,6.975837707519531,5.67457389831543,5.67457389831543
21,19,6.965994834899902,6.965994834899902,5.982654094696045,5.982654094696045
21,20,6.9663615226745605,6.9663615226745605,6.063472747802734,6.063472747802734
21,21,6.943883419036865,6.943883419036865,5.70963716506958,5.70963716506958
21,22,6.951340675354004,6.951340675354004,5.811172962188721,5.811172962188721
21,23,6.942261219024658,6.942261219024658,5.673610687255859,5.673610687255859
21,24,6.936923027038574,6.936923027038574,5.749818325042725,5.749818325042725
21,25,6.933589458465576,6.933589458465576,5.68114709854126,5.68114709854126
21,26,6.912243366241455,6.912243366241455,5.751679420471191,5.751679420471191
21,27,6.906754493713379,6.906754493713379,5.828911781311035,5.828911781311035
21,28,6.886346817016602,6.886346817016602,5.694272518157959,5.694272518157959
21,29,6.903688907623291,6.903688907623291,5.723270893096924,5.723270893096924
21,30,6.872681140899658,6.872681140899658,5.724599838256836,5.724599838256836
21,31,6.889659404754639,6.889659404754639,5.907199859619141,5.907199859619141
21,32,6.891022682189941,6.891022682189941,5.679953098297119,5.679953098297119
21,33,6.881213188171387,6.881213188171387,5.743419647216797,5.743419647216797
22,1,8.289928436279297,8.289928436279297,6.293632507324219,6.293632507324219
22,2,7.19411563873291,7.19411563873291,5.942932605743408,5.942932605743408
22,3,7.120612621307373,7.120612621307373,5.74035120010376,5.74035120010376
22,4,7.087289810180664,7.087289810180664,5.807271957397461,5.807271957397461
22,5,7.068225383758545,7.068225383758545,5.8633317947387695,5.8633317947387695
22,6,7.0549798011779785,7.0549798011779785,5.731825351715088,5.731825351715088
22,7,7.059452056884766,7.059452056884766,5.955133438110352,5.955133438110352
22,8,7.019576072692871,7.019576072692871,5.808645248413086,5.808645248413086
22,9,7.0254034996032715,7.0254034996032715,5.737710475921631,5.737710475921631
22,10,7.006211757659912,7.006211757659912,6.258792877197266,6.258792877197266
22,11,7.007347106933594,7.007347106933594,5.827401638031006,5.827401638031006
22,12,6.999875545501709,6.999875545501709,5.844902515411377,5.844902515411377
22,13,7.0040998458862305,7.0040998458862305,5.7475810050964355,5.7475810050964355
22,14,6.990865707397461,6.990865707397461,5.880950450897217,5.880950450897217
22,15,6.99079704284668,6.99079704284668,5.73002290725708,5.73002290725708
22,16,6.980550289154053,6.980550289154053,5.818936824798584,5.818936824798584
22,17,6.978456497192383,6.978456497192383,5.7523722648620605,5.7523722648620605
22,18,6.975837707519531,6.975837707519531,5.67457389831543,5.67457389831543
22,19,6.965994834899902,6.965994834899902,5.982654094696045,5.982654094696045
22,20,6.9663615226745605,6.9663615226745605,6.063472747802734,6.063472747802734
22,21,6.943883419036865,6.943883419036865,5.70963716506958,5.70963716506958
22,22,6.951340675354004,6.951340675354004,5.811172962188721,5.811172962188721
22,23,6.942261219024658,6.942261219024658,5.673610687255859,5.673610687255859
22,24,6.936923027038574,6.936923027038574,5.749818325042725,5.749818325042725
22,25,6.933589458465576,6.933589458465576,5.68114709854126,5.68114709854126
22,26,6.912243366241455,6.912243366241455,5.751679420471191,5.751679420471191
22,27,6.906754493713379,6.906754493713379,5.828911781311035,5.828911781311035
22,28,6.886346817016602,6.886346817016602,5.694272518157959,5.694272518157959
22,29,6.903688907623291,6.903688907623291,5.723270893096924,5.723270893096924
22,30,6.872681140899658,6.872681140899658,5.724599838256836,5.724599838256836
22,31,6.889659404754639,6.889659404754639,5.907199859619141,5.907199859619141
22,32,6.891022682189941,6.891022682189941,5.679953098297119,5.679953098297119
22,33,6.881213188171387,6.881213188171387,5.743419647216797,5.743419647216797
23,1,8.289928436279297,8.289928436279297,6.293632507324219,6.293632507324219
23,2,7.19411563873291,7.19411563873291,5.942932605743408,5.942932605743408
23,3,7.120612621307373,7.120612621307373,5.74035120010376,5.74035120010376
23,4,7.087289810180664,7.087289810180664,5.807271957397461,5.807271957397461
23,5,7.068225383758545,7.068225383758545,5.8633317947387695,5.8633317947387695
23,6,7.0549798011779785,7.0549798011779785,5.731825351715088,5.731825351715088
23,7,7.059452056884766,7.059452056884766,5.955133438110352,5.955133438110352
23,8,7.019576072692871,7.019576072692871,5.808645248413086,5.808645248413086
23,9,7.0254034996032715,7.0254034996032715,5.737710475921631,5.737710475921631
23,10,7.006211757659912,7.006211757659912,6.258792877197266,6.258792877197266
23,11,7.007347106933594,7.007347106933594,5.827401638031006,5.827401638031006
23,12,6.999875545501709,6.999875545501709,5.844902515411377,5.844902515411377
23,13,7.0040998458862305,7.0040998458862305,5.7475810050964355,5.7475810050964355
23,14,6.990865707397461,6.990865707397461,5.880950450897217,5.880950450897217
23,15,6.99079704284668,6.99079704284668,5.73002290725708,5.73002290725708
23,16,6.980550289154053,6.980550289154053,5.818936824798584,5.818936824798584
23,17,6.978456497192383,6.978456497192383,5.7523722648620605,5.7523722648620605
23,18,6.975837707519531,6.975837707519531,5.67457389831543,5.67457389831543
23,19,6.965994834899902,6.965994834899902,5.982654094696045,5.982654094696045
23,20,6.9663615226745605,6.9663615226745605,6.063472747802734,6.063472747802734
23,21,6.943883419036865,6.943883419036865,5.70963716506958,5.70963716506958
23,22,6.951340675354004,6.951340675354004,5.811172962188721,5.811172962188721
23,23,6.942261219024658,6.942261219024658,5.673610687255859,5.673610687255859
23,24,6.936923027038574,6.936923027038574,5.749818325042725,5.749818325042725
23,25,6.933589458465576,6.933589458465576,5.68114709854126,5.68114709854126
23,26,6.912243366241455,6.912243366241455,5.751679420471191,5.751679420471191
23,27,6.906754493713379,6.906754493713379,5.828911781311035,5.828911781311035
23,28,6.886346817016602,6.886346817016602,5.694272518157959,5.694272518157959
23,29,6.903688907623291,6.903688907623291,5.723270893096924,5.723270893096924
23,30,6.872681140899658,6.872681140899658,5.724599838256836,5.724599838256836
23,31,6.889659404754639,6.889659404754639,5.907199859619141,5.907199859619141
23,32,6.891022682189941,6.891022682189941,5.679953098297119,5.679953098297119
23,33,6.881213188171387,6.881213188171387,5.743419647216797,5.743419647216797
24,1,8.289928436279297,8.289928436279297,6.293632507324219,6.293632507324219
24,2,7.19411563873291,7.19411563873291,5.942932605743408,5.942932605743408
24,3,7.120612621307373,7.120612621307373,5.74035120010376,5.74035120010376
24,4,7.087289810180664,7.087289810180664,5.807271957397461,5.807271957397461
24,5,7.068225383758545,7.068225383758545,5.8633317947387695,5.8633317947387695
24,6,7.0549798011779785,7.0549798011779785,5.731825351715088,5.731825351715088
24,7,7.059452056884766,7.059452056884766,5.955133438110352,5.955133438110352
24,8,7.019576072692871,7.019576072692871,5.808645248413086,5.808645248413086
24,9,7.0254034996032715,7.0254034996032715,5.737710475921631,5.737710475921631
24,10,7.006211757659912,7.006211757659912,6.258792877197266,6.258792877197266
24,11,7.007347106933594,7.007347106933594,5.827401638031006,5.827401638031006
24,12,6.999875545501709,6.999875545501709,5.844902515411377,5.844902515411377
24,13,7.0040998458862305,7.0040998458862305,5.7475810050964355,5.7475810050964355
24,14,6.990865707397461,6.990865707397461,5.880950450897217,5.880950450897217
24,15,6.99079704284668,6.99079704284668,5.73002290725708,5.73002290725708
24,16,6.980550289154053,6.980550289154053,5.818936824798584,5.818936824798584
24,17,6.978456497192383,6.978456497192383,5.7523722648620605,5.7523722648620605
24,18,6.975837707519531,6.975837707519531,5.67457389831543,5.67457389831543
24,19,6.965994834899902,6.965994834899902,5.982654094696045,5.982654094696045
24,20,6.9663615226745605,6.9663615226745605,6.063472747802734,6.063472747802734
24,21,6.943883419036865,6.943883419036865,5.70963716506958,5.70963716506958
24,22,6.951340675354004,6.951340675354004,5.811172962188721,5.811172962188721
24,23,6.942261219024658,6.942261219024658,5.673610687255859,5.673610687255859
24,24,6.936923027038574,6.936923027038574,5.749818325042725,5.749818325042725
24,25,6.933589458465576,6.933589458465576,5.68114709854126,5.68114709854126
24,26,6.912243366241455,6.912243366241455,5.751679420471191,5.751679420471191
24,27,6.906754493713379,6.906754493713379,5.828911781311035,5.828911781311035
24,28,6.886346817016602,6.886346817016602,5.694272518157959,5.694272518157959
24,29,6.903688907623291,6.903688907623291,5.723270893096924,5.723270893096924
24,30,6.872681140899658,6.872681140899658,5.724599838256836,5.724599838256836
24,31,6.889659404754639,6.889659404754639,5.907199859619141,5.907199859619141
24,32,6.891022682189941,6.891022682189941,5.679953098297119,5.679953098297119
24,33,6.881213188171387,6.881213188171387,5.743419647216797,5.743419647216797
25,1,8.289928436279297,8.289928436279297,6.293632507324219,6.293632507324219
25,2,7.19411563873291,7.19411563873291,5.942932605743408,5.942932605743408
25,3,7.120612621307373,7.120612621307373,5.74035120010376,5.74035120010376
25,4,7.087289810180664,7.087289810180664,5.807271957397461,5.807271957397461
25,5,7.068225383758545,7.068225383758545,5.8633317947387695,5.8633317947387695
25,6,7.0549798011779785,7.0549798011779785,5.731825351715088,5.731825351715088
25,7,7.059452056884766,7.059452056884766,5.955133438110352,5.955133438110352
25,8,7.019576072692871,7.019576072692871,5.808645248413086,5.808645248413086
25,9,7.0254034996032715,7.0254034996032715,5.737710475921631,5.737710475921631
25,10,7.006211757659912,7.006211757659912,6.258792877197266,6.258792877197266
25,11,7.007347106933594,7.007347106933594,5.827401638031006,5.827401638031006
25,12,6.999875545501709,6.999875545501709,5.844902515411377,5.844902515411377
25,13,7.0040998458862305,7.0040998458862305,5.7475810050964355,5.7475810050964355
25,14,6.990865707397461,6.990865707397461,5.880950450897217,5.880950450897217
25,15,6.99079704284668,6.99079704284668,5.73002290725708,5.73002290725708
25,16,6.980550289154053,6.980550289154053,5.818936824798584,5.818936824798584
25,17,6.978456497192383,6.978456497192383,5.7523722648620605,5.7523722648620605
25,18,6.975837707519531,6.975837707519531,5.67457389831543,5.67457389831543
25,19,6.965994834899902,6.965994834899902,5.982654094696045,5.982654094696045
25,20,6.9663615226745605,6.9663615226745605,6.063472747802734,6.063472747802734
25,21,6.943883419036865,6.943883419036865,5.70963716506958,5.70963716506958
25,22,6.951340675354004,6.951340675354004,5.811172962188721,5.811172962188721
25,23,6.942261219024658,6.942261219024658,5.673610687255859,5.673610687255859
25,24,6.936923027038574,6.936923027038574,5.749818325042725,5.749818325042725
25,25,6.933589458465576,6.933589458465576,5.68114709854126,5.68114709854126
25,26,6.912243366241455,6.912243366241455,5.751679420471191,5.751679420471191
25,27,6.906754493713379,6.906754493713379,5.828911781311035,5.828911781311035
25,28,6.886346817016602,6.886346817016602,5.694272518157959,5.694272518157959
25,29,6.903688907623291,6.903688907623291,5.723270893096924,5.723270893096924
25,30,6.872681140899658,6.872681140899658,5.724599838256836,5.724599838256836
25,31,6.889659404754639,6.889659404754639,5.907199859619141,5.907199859619141
25,32,6.891022682189941,6.891022682189941,5.679953098297119,5.679953098297119
25,33,6.881213188171387,6.881213188171387,5.743419647216797,5.743419647216797
26,1,8.289928436279297,8.289928436279297,6.293632507324219,6.293632507324219
26,2,7.19411563873291,7.19411563873291,5.942932605743408,5.942932605743408
26,3,7.120612621307373,7.120612621307373,5.74035120010376,5.74035120010376
26,4,7.087289810180664,7.087289810180664,5.807271957397461,5.807271957397461
26,5,7.068225383758545,7.068225383758545,5.8633317947387695,5.8633317947387695
26,6,7.0549798011779785,7.0549798011779785,5.731825351715088,5.731825351715088
26,7,7.059452056884766,7.059452056884766,5.955133438110352,5.955133438110352
26,8,7.019576072692871,7.019576072692871,5.808645248413086,5.808645248413086
26,9,7.0254034996032715,7.0254034996032715,5.737710475921631,5.737710475921631
26,10,7.006211757659912,7.006211757659912,6.258792877197266,6.258792877197266
26,11,7.007347106933594,7.007347106933594,5.827401638031006,5.827401638031006
26,12,6.999875545501709,6.999875545501709,5.844902515411377,5.844902515411377
26,13,7.0040998458862305,7.0040998458862305,5.7475810050964355,5.7475810050964355
26,14,6.990865707397461,6.990865707397461,5.880950450897217,5.880950450897217
26,15,6.99079704284668,6.99079704284668,5.73002290725708,5.73002290725708
26,16,6.980550289154053,6.980550289154053,5.818936824798584,5.818936824798584
26,17,6.978456497192383,6.978456497192383,5.7523722648620605,5.7523722648620605
26,18,6.975837707519531,6.975837707519531,5.67457389831543,5.67457389831543
26,19,6.965994834899902,6.965994834899902,5.982654094696045,5.982654094696045
26,20,6.9663615226745605,6.9663615226745605,6.063472747802734,6.063472747802734
26,21,6.943883419036865,6.943883419036865,5.70963716506958,5.70963716506958
26,22,6.951340675354004,6.951340675354004,5.811172962188721,5.811172962188721
26,23,6.942261219024658,6.942261219024658,5.673610687255859,5.673610687255859
26,24,6.936923027038574,6.936923027038574,5.749818325042725,5.749818325042725
26,25,6.933589458465576,6.933589458465576,5.68114709854126,5.68114709854126
26,26,6.912243366241455,6.912243366241455,5.751679420471191,5.751679420471191
26,27,6.906754493713379,6.906754493713379,5.828911781311035,5.828911781311035
26,28,6.886346817016602,6.886346817016602,5.694272518157959,5.694272518157959
26,29,6.903688907623291,6.903688907623291,5.723270893096924,5.723270893096924
26,30,6.872681140899658,6.872681140899658,5.724599838256836,5.724599838256836
26,31,6.889659404754639,6.889659404754639,5.907199859619141,5.907199859619141
26,32,6.891022682189941,6.891022682189941,5.679953098297119,5.679953098297119
26,33,6.881213188171387,6.881213188171387,5.743419647216797,5.743419647216797
27,1,8.289928436279297,8.289928436279297,6.293632507324219,6.293632507324219
27,2,7.19411563873291,7.19411563873291,5.942932605743408,5.942932605743408
27,3,7.120612621307373,7.120612621307373,5.74035120010376,5.74035120010376
27,4,7.087289810180664,7.087289810180664,5.807271957397461,5.807271957397461
27,5,7.068225383758545,7.068225383758545,5.8633317947387695,5.8633317947387695
27,6,7.0549798011779785,7.0549798011779785,5.731825351715088,5.731825351715088
27,7,7.059452056884766,7.059452056884766,5.955133438110352,5.955133438110352
27,8,7.019576072692871,7.019576072692871,5.808645248413086,5.808645248413086
27,9,7.0254034996032715,7.0254034996032715,5.737710475921631,5.737710475921631
27,10,7.006211757659912,7.006211757659912,6.258792877197266,6.258792877197266
27,11,7.007347106933594,7.007347106933594,5.827401638031006,5.827401638031006
27,12,6.999875545501709,6.999875545501709,5.844902515411377,5.844902515411377
27,13,7.0040998458862305,7.0040998458862305,5.7475810050964355,5.7475810050964355
27,14,6.990865707397461,6.990865707397461,5.880950450897217,5.880950450897217
27,15,6.99079704284668,6.99079704284668,5.73002290725708,5.73002290725708
27,16,6.980550289154053,6.980550289154053,5.818936824798584,5.818936824798584
27,17,6.978456497192383,6.978456497192383,5.7523722648620605,5.7523722648620605
27,18,6.975837707519531,6.975837707519531,5.67457389831543,5.67457389831543
27,19,6.965994834899902,6.965994834899902,5.982654094696045,5.982654094696045
27,20,6.9663615226745605,6.9663615226745605,6.063472747802734,6.063472747802734
27,21,6.943883419036865,6.943883419036865,5.70963716506958,5.70963716506958
27,22,6.951340675354004,6.951340675354004,5.811172962188721,5.811172962188721
27,23,6.942261219024658,6.942261219024658,5.673610687255859,5.673610687255859
27,24,6.936923027038574,6.936923027038574,5.749818325042725,5.749818325042725
27,25,6.933589458465576,6.933589458465576,5.68114709854126,5.68114709854126
27,26,6.912243366241455,6.912243366241455,5.751679420471191,5.751679420471191
27,27,6.906754493713379,6.906754493713379,5.828911781311035,5.828911781311035
27,28,6.886346817016602,6.886346817016602,5.694272518157959,5.694272518157959
27,29,6.903688907623291,6.903688907623291,5.723270893096924,5.723270893096924
27,30,6.872681140899658,6.872681140899658,5.724599838256836,5.724599838256836
27,31,6.889659404754639,6.889659404754639,5.907199859619141,5.907199859619141
27,32,6.891022682189941,6.891022682189941,5.679953098297119,5.679953098297119
27,33,6.881213188171387,6.881213188171387,5.743419647216797,5.743419647216797
28,1,8.289928436279297,8.289928436279297,6.293632507324219,6.293632507324219
28,2,7.19411563873291,7.19411563873291,5.942932605743408,5.942932605743408
28,3,7.120612621307373,7.120612621307373,5.74035120010376,5.74035120010376
28,4,7.087289810180664,7.087289810180664,5.807271957397461,5.807271957397461
28,5,7.068225383758545,7.068225383758545,5.8633317947387695,5.8633317947387695
28,6,7.0549798011779785,7.0549798011779785,5.731825351715088,5.731825351715088
28,7,7.059452056884766,7.059452056884766,5.955133438110352,5.955133438110352
28,8,7.019576072692871,7.019576072692871,5.808645248413086,5.808645248413086
28,9,7.0254034996032715,7.0254034996032715,5.737710475921631,5.737710475921631
28,10,7.006211757659912,7.006211757659912,6.258792877197266,6.258792877197266
28,11,7.007347106933594,7.007347106933594,5.827401638031006,5.827401638031006
28,12,6.999875545501709,6.999875545501709,5.844902515411377,5.844902515411377
28,13,7.0040998458862305,7.0040998458862305,5.7475810050964355,5.7475810050964355
28,14,6.990865707397461,6.990865707397461,5.880950450897217,5.880950450897217
28,15,6.99079704284668,6.99079704284668,5.73002290725708,5.73002290725708
28,16,6.980550289154053,6.980550289154053,5.818936824798584,5.818936824798584
28,17,6.978456497192383,6.978456497192383,5.7523722648620605,5.7523722648620605
28,18,6.975837707519531,6.975837707519531,5.67457389831543,5.67457389831543
28,19,6.965994834899902,6.965994834899902,5.982654094696045,5.982654094696045
28,20,6.9663615226745605,6.9663615226745605,6.063472747802734,6.063472747802734
28,21,6.943883419036865,6.943883419036865,5.70963716506958,5.70963716506958
28,22,6.951340675354004,6.951340675354004,5.811172962188721,5.811172962188721
28,23,6.942261219024658,6.942261219024658,5.673610687255859,5.673610687255859
28,24,6.936923027038574,6.936923027038574,5.749818325042725,5.749818325042725
28,25,6.933589458465576,6.933589458465576,5.68114709854126,5.68114709854126
28,26,6.912243366241455,6.912243366241455,5.751679420471191,5.751679420471191
28,27,6.906754493713379,6.906754493713379,5.828911781311035,5.828911781311035
28,28,6.886346817016602,6.886346817016602,5.694272518157959,5.694272518157959
28,29,6.903688907623291,6.903688907623291,5.723270893096924,5.723270893096924
28,30,6.872681140899658,6.872681140899658,5.724599838256836,5.724599838256836
28,31,6.889659404754639,6.889659404754639,5.907199859619141,5.907199859619141
28,32,6.891022682189941,6.891022682189941,5.679953098297119,5.679953098297119
28,33,6.881213188171387,6.881213188171387,5.743419647216797,5.743419647216797
29,1,8.289928436279297,8.289928436279297,6.293632507324219,6.293632507324219
29,2,7.19411563873291,7.19411563873291,5.942932605743408,5.942932605743408
29,3,7.120612621307373,7.120612621307373,5.74035120010376,5.74035120010376
29,4,7.087289810180664,7.087289810180664,5.807271957397461,5.807271957397461
29,5,7.068225383758545,7.068225383758545,5.8633317947387695,5.8633317947387695
29,6,7.0549798011779785,7.0549798011779785,5.731825351715088,5.731825351715088
29,7,7.059452056884766,7.059452056884766,5.955133438110352,5.955133438110352
29,8,7.019576072692871,7.019576072692871,5.808645248413086,5.808645248413086
29,9,7.0254034996032715,7.0254034996032715,5.737710475921631,5.737710475921631
29,10,7.006211757659912,7.006211757659912,6.258792877197266,6.258792877197266
29,11,7.007347106933594,7.007347106933594,5.827401638031006,5.827401638031006
29,12,6.999875545501709,6.999875545501709,5.844902515411377,5.844902515411377
29,13,7.0040998458862305,7.0040998458862305,5.7475810050964355,5.7475810050964355
29,14,6.990865707397461,6.990865707397461,5.880950450897217,5.880950450897217
29,15,6.99079704284668,6.99079704284668,5.73002290725708,5.73002290725708
29,16,6.980550289154053,6.980550289154053,5.818936824798584,5.818936824798584
29,17,6.978456497192383,6.978456497192383,5.7523722648620605,5.7523722648620605
29,18,6.975837707519531,6.975837707519531,5.67457389831543,5.67457389831543
29,19,6.965994834899902,6.965994834899902,5.982654094696045,5.982654094696045
29,20,6.9663615226745605,6.9663615226745605,6.063472747802734,6.063472747802734
29,21,6.943883419036865,6.943883419036865,5.70963716506958,5.70963716506958
29,22,6.951340675354004,6.951340675354004,5.811172962188721,5.811172962188721
29,23,6.942261219024658,6.942261219024658,5.673610687255859,5.673610687255859
29,24,6.936923027038574,6.936923027038574,5.749818325042725,5.749818325042725
29,25,6.933589458465576,6.933589458465576,5.68114709854126,5.68114709854126
29,26,6.912243366241455,6.912243366241455,5.751679420471191,5.751679420471191
29,27,6.906754493713379,6.906754493713379,5.828911781311035,5.828911781311035
29,28,6.886346817016602,6.886346817016602,5.694272518157959,5.694272518157959
29,29,6.903688907623291,6.903688907623291,5.723270893096924,5.723270893096924
29,30,6.872681140899658,6.872681140899658,5.724599838256836,5.724599838256836
29,31,6.889659404754639,6.889659404754639,5.907199859619141,5.907199859619141
29,32,6.891022682189941,6.891022682189941,5.679953098297119,5.679953098297119
29,33,6.881213188171387,6.881213188171387,5.743419647216797,5.743419647216797
30,1,8.289928436279297,8.289928436279297,6.293632507324219,6.293632507324219
30,2,7.19411563873291,7.19411563873291,5.942932605743408,5.942932605743408
30,3,7.120612621307373,7.120612621307373,5.74035120010376,5.74035120010376
30,4,7.087289810180664,7.087289810180664,5.807271957397461,5.807271957397461
30,5,7.068225383758545,7.068225383758545,5.8633317947387695,5.8633317947387695
30,6,7.0549798011779785,7.0549798011779785,5.731825351715088,5.731825351715088
30,7,7.059452056884766,7.059452056884766,5.955133438110352,5.955133438110352
30,8,7.019576072692871,7.019576072692871,5.808645248413086,5.808645248413086
30,9,7.0254034996032715,7.0254034996032715,5.737710475921631,5.737710475921631
30,10,7.006211757659912,7.006211757659912,6.258792877197266,6.258792877197266
30,11,7.007347106933594,7.007347106933594,5.827401638031006,5.827401638031006
30,12,6.999875545501709,6.999875545501709,5.844902515411377,5.844902515411377
30,13,7.0040998458862305,7.0040998458862305,5.7475810050964355,5.7475810050964355
30,14,6.990865707397461,6.990865707397461,5.880950450897217,5.880950450897217
30,15,6.99079704284668,6.99079704284668,5.73002290725708,5.73002290725708
30,16,6.980550289154053,6.980550289154053,5.818936824798584,5.818936824798584
30,17,6.978456497192383,6.978456497192383,5.7523722648620605,5.7523722648620605
30,18,6.975837707519531,6.975837707519531,5.67457389831543,5.67457389831543
30,19,6.965994834899902,6.965994834899902,5.982654094696045,5.982654094696045
30,20,6.9663615226745605,6.9663615226745605,6.063472747802734,6.063472747802734
30,21,6.943883419036865,6.943883419036865,5.70963716506958,5.70963716506958
30,22,6.951340675354004,6.951340675354004,5.811172962188721,5.811172962188721
30,23,6.942261219024658,6.942261219024658,5.673610687255859,5.673610687255859
30,24,6.936923027038574,6.936923027038574,5.749818325042725,5.749818325042725
30,25,6.933589458465576,6.933589458465576,5.68114709854126,5.68114709854126
30,26,6.912243366241455,6.912243366241455,5.751679420471191,5.751679420471191
30,27,6.906754493713379,6.906754493713379,5.828911781311035,5.828911781311035
30,28,6.886346817016602,6.886346817016602,5.694272518157959,5.694272518157959
30,29,6.903688907623291,6.903688907623291,5.723270893096924,5.723270893096924
30,30,6.872681140899658,6.872681140899658,5.724599838256836,5.724599838256836
30,31,6.889659404754639,6.889659404754639,5.907199859619141,5.907199859619141
30,32,6.891022682189941,6.891022682189941,5.679953098297119,5.679953098297119
30,33,6.881213188171387,6.881213188171387,5.743419647216797,5.743419647216797
